{"cameraMode":{"drawMode":0,"name":"Shaded","section":"Shading Mode"},"sceneLighting":true,"audioPlay":false,"sceneViewState":{"showFog":false,"showMaterialUpdate":false,"showSkybox":false,"showFlares":false,"showImageEffects":false,"showParticleSystems":false},"in2DMode":false,"pivot":{"x":0.004089893773198128,"y":0.5056880712509155,"z":0.00042285112431272864},"rotation":{"x":-0.09674789011478424,"y":0.014972234144806862,"z":-0.0014555852394551039,"w":-0.9951952695846558},"size":1.6688257455825806,"orthographic":false}